City_ID,City,Country,Date,Lat,Lng,Max Temp,Humidity,Cloudiness,Wind Speed,Current Description,Rain inches (last 3 hrs),Snow inches (last 3 hrs)
0,Pevek,RU,2022-01-30 22:54:18,69.7008,170.3133,-15.7,97,96,2.19,overcast clouds,0,0
1,Tiksi,RU,2022-01-30 22:54:19,71.6872,128.8694,-18.49,100,96,3.87,overcast clouds,0,0
2,Kodiak,US,2022-01-30 22:54:19,57.79,-152.4072,28.47,78,45,5.93,scattered clouds,0,0
3,Hithadhoo,MV,2022-01-30 22:54:20,-0.6,73.0833,81.55,70,76,8.93,broken clouds,0,0
4,Puerto Del Rosario,ES,2022-01-30 22:54:20,28.5004,-13.8627,65.88,68,0,11.5,haze,0,0
5,Puerto Ayora,EC,2022-01-30 22:54:21,-0.7393,-90.3518,82.36,75,100,8.46,overcast clouds,0,0
6,Itoman,JP,2022-01-30 22:54:21,26.1247,127.6694,59.02,53,40,24.16,scattered clouds,0,0
7,Lensk,RU,2022-01-30 22:54:22,60.7253,114.9278,-7.13,98,98,3.44,overcast clouds,0,0
8,Bagepalli,IN,2022-01-30 22:54:22,13.7847,77.7931,70.14,84,4,4.36,clear sky,0,0
9,Boca Do Acre,BR,2022-01-30 22:54:23,-8.7522,-67.3978,74.62,95,90,0.4,overcast clouds,0,0
10,Hilo,US,2022-01-30 22:54:23,19.7297,-155.09,79.11,64,69,4.0,broken clouds,0,0
11,Rikitea,PF,2022-01-30 22:54:24,-23.1203,-134.9692,76.86,70,100,5.06,overcast clouds,0,0
12,Canandaigua,US,2022-01-30 22:54:25,42.8742,-77.288,18.39,71,68,2.46,broken clouds,0,0
13,Lompoc,US,2022-01-30 22:53:41,34.6391,-120.4579,72.21,49,0,19.57,clear sky,0,0
14,Mataura,NZ,2022-01-30 22:54:26,-46.1927,168.8643,72.48,58,46,1.7,scattered clouds,0,0
15,Tasiilaq,GL,2022-01-30 22:54:26,65.6145,-37.6368,-3.75,53,97,10.58,overcast clouds,0,0
16,Helena,US,2022-01-30 22:51:52,46.5927,-112.0361,45.99,48,100,0.0,overcast clouds,0,0
17,Pierre,US,2022-01-30 22:52:20,44.3683,-100.351,43.72,49,0,1.01,clear sky,0,0
18,Asau,RO,2022-01-30 22:54:28,46.4333,26.4,40.39,65,99,16.69,overcast clouds,0,0
19,Maceio,BR,2022-01-30 22:52:49,-9.6658,-35.7353,81.84,83,20,4.61,few clouds,0,0
20,Port Alfred,ZA,2022-01-30 22:52:12,-33.5906,26.891,73.4,89,98,16.98,overcast clouds,0,0
21,Georgetown,MY,2022-01-30 22:54:29,5.4112,100.3354,80.89,94,20,3.0,few clouds,0,0
22,Desaguadero,PE,2022-01-30 22:54:30,-16.5656,-69.0417,52.65,68,88,8.9,overcast clouds,0,0
23,Barrow,US,2022-01-30 22:50:42,71.2906,-156.7887,-7.58,84,100,10.36,snow,0,0
24,Hofn,IS,2022-01-30 22:54:31,64.2539,-15.2082,26.15,51,1,20.49,clear sky,0,0
25,Leningradskiy,RU,2022-01-30 22:54:31,69.3833,178.4167,-14.48,95,81,3.74,broken clouds,0,0
26,Kahului,US,2022-01-30 22:51:01,20.8947,-156.47,82.42,53,20,18.41,few clouds,0,0
27,Butaritari,KI,2022-01-30 22:54:32,3.0707,172.7902,82.11,76,22,20.94,few clouds,0,0
28,Ushuaia,AR,2022-01-30 22:54:13,-54.8,-68.3,46.06,66,75,29.93,broken clouds,0,0
29,Kapaa,US,2022-01-30 22:54:11,22.0752,-159.319,81.12,83,10,1.01,clear sky,0,0
30,Busselton,AU,2022-01-30 22:54:33,-33.65,115.3333,64.09,61,92,17.98,overcast clouds,0,0
31,Kloulklubed,PW,2022-01-30 22:49:45,7.0419,134.2556,75.7,73,98,14.25,overcast clouds,0,0
32,Chuy,UY,2022-01-30 22:51:09,-33.6971,-53.4616,71.64,72,16,14.05,few clouds,0,0
33,Grand Forks,US,2022-01-30 22:50:11,47.9417,-97.4337,15.48,82,75,16.11,mist,0,0
34,Hermanus,ZA,2022-01-30 22:54:35,-34.4187,19.2345,71.91,86,97,12.84,overcast clouds,0,0
35,Bluff,NZ,2022-01-30 22:54:35,-46.6,168.3333,72.81,84,91,4.54,overcast clouds,0,0
36,Camacha,PT,2022-01-30 22:54:36,33.0833,-16.3333,61.56,82,20,17.27,few clouds,0,0
37,Punta Arenas,CL,2022-01-30 22:50:59,-53.15,-70.9167,51.91,50,75,23.02,broken clouds,0,0
38,Port Elizabeth,ZA,2022-01-30 22:54:37,-33.918,25.5701,70.09,94,20,11.5,few clouds,0,0
39,Atuona,PF,2022-01-30 22:54:39,-9.8,-139.0333,78.19,77,12,14.38,light rain,0,0
40,Pocatello,US,2022-01-30 22:54:39,42.8713,-112.4455,24.85,60,45,1.99,scattered clouds,0,0
41,Dingle,PH,2022-01-30 22:54:40,10.9995,122.6711,75.38,92,55,4.34,broken clouds,0,0
42,Balikpapan,ID,2022-01-30 22:54:41,-1.2675,116.8289,76.19,94,20,5.75,heavy intensity rain,0,0
43,Dikson,RU,2022-01-30 22:54:42,73.5069,80.5464,-4.4,94,100,21.59,overcast clouds,0,0
44,Thiruvananthapuram,IN,2022-01-30 22:54:42,8.4833,76.9167,78.78,89,20,3.44,mist,0,0
45,Nouadhibou,MR,2022-01-30 22:54:43,20.931,-17.0347,66.18,59,100,17.27,overcast clouds,0,0
46,Gobo,JP,2022-01-30 22:54:43,33.8833,135.15,42.75,77,80,12.01,broken clouds,0,0
47,Narodychi,UA,2022-01-30 22:54:44,51.2029,29.0823,30.96,94,100,17.43,light snow,0,0
48,Fort-Shevchenko,KZ,2022-01-30 22:54:45,44.5086,50.263,37.6,82,92,6.85,overcast clouds,0,0
49,Ponta Do Sol,PT,2022-01-30 22:54:46,32.6667,-17.1,65.12,39,1,9.64,clear sky,0,0
50,Digoin,FR,2022-01-30 22:54:46,46.4812,3.9795,39.29,93,100,0.0,overcast clouds,0,0
51,Borogontsy,RU,2022-01-30 22:54:48,62.6683,131.1683,-37.79,100,72,0.4,broken clouds,0,0
52,Akalkot,IN,2022-01-30 22:54:49,17.5333,76.2167,68.61,25,0,7.52,clear sky,0,0
53,New Norfolk,AU,2022-01-30 22:54:49,-42.7826,147.0587,72.66,49,3,2.62,clear sky,0,0
54,Cape Town,ZA,2022-01-30 22:52:15,-33.9258,18.4232,73.81,76,0,4.0,clear sky,0,0
55,Jamestown,US,2022-01-30 22:53:38,42.097,-79.2353,19.04,55,100,1.01,overcast clouds,0,0
56,Grao Mogol,BR,2022-01-30 22:54:51,-16.5594,-42.8897,66.74,91,100,2.89,overcast clouds,0,0
57,Lerwick,GB,2022-01-30 22:54:51,60.1545,-1.1494,39.2,97,100,10.13,overcast clouds,0,0
58,East London,ZA,2022-01-30 22:54:11,-33.0153,27.9116,74.66,83,86,14.65,overcast clouds,0,0
59,Tuktoyaktuk,CA,2022-01-30 22:54:52,69.4541,-133.0374,-0.4,85,100,24.16,light snow,0,0
60,Athmallik,IN,2022-01-30 22:54:52,20.7219,84.5348,55.89,39,2,0.47,clear sky,0,0
61,Ostrovnoy,RU,2022-01-30 22:54:53,68.0531,39.5131,8.6,97,95,8.48,overcast clouds,0,0
62,Clyde River,CA,2022-01-30 22:54:54,70.4692,-68.5914,-21.77,76,40,4.61,scattered clouds,0,0
63,Dunedin,NZ,2022-01-30 22:54:55,-45.8742,170.5036,68.81,70,1,11.01,clear sky,0,0
64,San Patricio,US,2022-01-30 22:50:12,28.017,-97.5169,69.89,61,56,12.3,broken clouds,0,0
65,Mitsamiouli,KM,2022-01-30 22:54:55,-11.3847,43.2844,80.38,74,2,3.69,clear sky,0,0
66,Kualakapuas,ID,2022-01-30 22:54:56,-3.0091,114.3876,75.36,91,100,2.26,overcast clouds,0,0
67,Fairhope,US,2022-01-30 22:53:53,30.523,-87.9033,60.15,64,0,5.01,clear sky,0,0
68,Chumikan,RU,2022-01-30 22:54:57,54.7183,135.315,-3.24,83,100,18.7,overcast clouds,0,0
69,Harper,LR,2022-01-30 22:54:58,4.375,-7.7169,79.52,86,61,7.16,broken clouds,0,0
70,Hit,IQ,2022-01-30 22:54:58,33.6416,42.8251,48.54,61,0,6.55,clear sky,0,0
71,Muyezerskiy,RU,2022-01-30 22:54:59,63.9333,31.65,13.69,96,100,8.48,overcast clouds,0,0
72,Metu,ET,2022-01-30 22:54:59,8.3,35.5833,60.89,52,76,1.88,broken clouds,0,0
73,Cidreira,BR,2022-01-30 22:55:00,-30.1811,-50.2056,73.76,70,5,18.92,clear sky,0,0
74,Miracema Do Tocantins,BR,2022-01-30 22:55:01,-9.5618,-48.3967,73.65,90,98,1.72,overcast clouds,0,0
75,Albany,US,2022-01-30 22:55:02,42.6001,-73.9662,17.46,45,15,4.21,few clouds,0,0
76,Camana,PE,2022-01-30 22:55:02,-16.6228,-72.7111,71.94,72,34,6.73,scattered clouds,0,0
77,Hobart,AU,2022-01-30 22:55:03,-42.8794,147.3294,73.02,70,20,5.75,few clouds,0,0
78,Port Hardy,CA,2022-01-30 22:55:04,50.6996,-127.4199,42.76,87,75,4.61,broken clouds,0,0
79,Swellendam,ZA,2022-01-30 22:55:05,-34.0226,20.4417,68.38,82,78,7.43,broken clouds,0,0
80,Thompson,CA,2022-01-30 22:50:54,55.7435,-97.8558,6.96,72,20,4.61,few clouds,0,0
81,Banjar,ID,2022-01-30 22:55:06,-8.19,114.9675,76.91,90,100,3.36,overcast clouds,0,0
82,Saint-Philippe,RE,2022-01-30 22:55:07,-21.3585,55.7679,76.59,83,43,10.13,scattered clouds,0,0
83,Ribeira Grande,PT,2022-01-30 22:55:07,38.5167,-28.7,59.04,74,56,25.68,broken clouds,0,0
84,Ilulissat,GL,2022-01-30 22:55:08,69.2167,-51.1,-8.68,76,95,10.45,overcast clouds,0,0
85,Srednekolymsk,RU,2022-01-30 22:51:56,67.45,153.6833,-29.49,100,100,2.42,overcast clouds,0,0
86,Marshalltown,US,2022-01-30 22:55:09,42.0494,-92.908,21.97,89,100,0.98,overcast clouds,0,0
87,Lokosovo,RU,2022-01-30 22:55:10,61.1333,74.8167,1.62,98,100,5.93,overcast clouds,0,0
88,Krasnokamensk,RU,2022-01-30 22:55:10,50.0979,118.0369,-17.7,96,7,3.53,clear sky,0,0
89,Stokmarknes,NO,2022-01-30 22:55:11,68.5646,14.9108,25.5,76,100,5.64,overcast clouds,0,0
90,Cherskiy,RU,2022-01-30 22:55:12,68.75,161.3,-28.21,99,99,1.41,overcast clouds,0,0
91,Bull Savanna,JM,2022-01-30 22:55:12,17.8868,-77.5902,70.83,79,61,10.2,broken clouds,0,0
92,Bahia Blanca,AR,2022-01-30 22:55:13,-38.7196,-62.2724,64.29,52,40,13.78,scattered clouds,0,0
93,Qaanaaq,GL,2022-01-30 22:55:13,77.484,-69.3632,-8.57,69,100,6.22,overcast clouds,0,0
94,Hellvik,NO,2022-01-30 22:55:14,59.9156,5.781,35.78,76,100,1.99,overcast clouds,0,0
95,Cayenne,GF,2022-01-30 22:55:14,4.9333,-52.3333,78.1,89,75,3.0,broken clouds,0,0
96,Mersing,MY,2022-01-30 22:55:15,2.4312,103.8405,78.71,83,96,6.91,overcast clouds,0,0
97,Vaini,TO,2022-01-30 22:54:17,-21.2,-175.2,80.55,75,100,12.12,light rain,0,0
98,San Andres,CO,2022-01-30 22:51:45,12.5847,-81.7006,80.62,74,40,9.22,scattered clouds,0,0
99,Shelburne,CA,2022-01-30 22:55:17,44.0787,-80.2041,19.29,94,58,6.8,broken clouds,0,0
100,Lebu,CL,2022-01-30 22:54:14,-37.6167,-73.65,59.13,68,0,20.71,clear sky,0,0
101,Jaunjelgava,LV,2022-01-30 22:55:18,56.6167,25.0833,30.51,97,100,10.92,light snow,0,0
102,Victoria,HK,2022-01-30 22:53:28,22.2855,114.1577,59.25,77,88,1.99,overcast clouds,0,0
103,Mogadishu,SO,2022-01-30 22:53:59,2.0371,45.3438,76.98,78,91,19.95,overcast clouds,0,0
104,Nikolskoye,RU,2022-01-30 22:55:20,59.7035,30.7861,27.39,96,100,5.7,light snow,0,0
105,Marawi,PH,2022-01-30 22:55:20,7.9986,124.2928,65.64,89,33,1.32,scattered clouds,0,0
106,Saskylakh,RU,2022-01-30 22:54:30,71.9167,114.0833,-20.81,100,98,2.62,overcast clouds,0,0
107,Lodja,CD,2022-01-30 22:55:21,-3.4833,23.4333,75.15,69,100,2.33,overcast clouds,0,0
108,Vestmanna,FO,2022-01-30 22:54:12,62.1564,-7.1664,34.72,64,100,34.52,overcast clouds,0,0
109,Kununurra,AU,2022-01-30 22:55:22,-15.7667,128.7333,80.58,78,40,16.11,scattered clouds,0,0
110,Machico,PT,2022-01-30 22:55:22,32.7,-16.7667,65.12,85,40,14.97,scattered clouds,0,0
111,Meulaboh,ID,2022-01-30 22:55:23,4.1363,96.1285,76.21,87,80,3.04,broken clouds,0,0
112,Biskupiec,PL,2022-01-30 22:55:24,53.8647,20.9569,33.62,79,100,23.26,overcast clouds,0,0
113,Iskateley,RU,2022-01-30 22:55:25,67.6803,53.1512,12.74,93,100,14.47,overcast clouds,0,0
114,Pangody,RU,2022-01-30 22:55:25,65.85,74.4859,-3.89,98,99,7.29,overcast clouds,0,0
115,Zabaykalsk,RU,2022-01-30 22:55:26,49.6333,117.3167,-15.41,98,20,5.73,few clouds,0,0
116,Pueblo Nuevo,MX,2022-01-30 22:55:27,23.3833,-105.3833,63.68,27,68,7.27,broken clouds,0,0
117,Margate,GB,2022-01-30 22:55:27,51.3813,1.3862,44.89,79,95,8.01,overcast clouds,0,0
118,Constitucion,CL,2022-01-30 22:50:56,-35.3333,-72.4167,63.43,70,4,18.39,clear sky,0,0
119,Chokurdakh,RU,2022-01-30 22:55:28,70.6333,147.9167,-29.85,94,16,2.64,few clouds,0,0
120,Katangli,RU,2022-01-30 22:55:29,51.7102,143.2326,-1.01,93,100,18.61,overcast clouds,0,0
121,Roald,NO,2022-01-30 22:55:30,62.5833,6.1333,33.33,86,75,9.22,broken clouds,0,0
122,Salalah,OM,2022-01-30 22:55:30,17.0151,54.0924,67.44,68,15,2.57,few clouds,0,0
123,Elizabeth City,US,2022-01-30 22:55:31,36.2946,-76.2511,36.01,59,48,7.07,scattered clouds,0,0
124,Oranjemund,NA,2022-01-30 22:55:31,-28.55,16.4333,66.06,88,82,9.1,broken clouds,0,0
125,Kavieng,PG,2022-01-30 22:55:32,-2.5744,150.7967,82.11,74,91,2.3,light rain,0,0
126,Katsuura,JP,2022-01-30 22:55:33,35.1333,140.3,39.31,50,100,12.66,overcast clouds,0,0
127,Severo-Kurilsk,RU,2022-01-30 22:55:34,50.6789,156.125,28.11,95,100,9.15,snow,0,0
128,Pechenga,RU,2022-01-30 22:55:34,69.5259,31.1703,14.86,98,46,5.46,scattered clouds,0,0
129,Yumen,CN,2022-01-30 22:55:34,40.2833,97.2,13.86,44,100,6.62,overcast clouds,0,0
130,Yulara,AU,2022-01-30 22:55:35,-25.2406,130.9889,73.24,94,100,11.5,overcast clouds,0,0
131,Port-Gentil,GA,2022-01-30 22:55:35,-0.7193,8.7815,81.14,79,95,10.16,overcast clouds,0,0
132,Jijiga,ET,2022-01-30 22:55:36,9.35,42.8,56.95,23,69,8.12,broken clouds,0,0
133,Zonguldak,TR,2022-01-30 22:55:36,41.25,31.8333,32.04,98,100,4.92,light snow,0,0
134,Lingyuan,CN,2022-01-30 22:55:37,41.24,119.4011,20.07,94,98,4.36,snow,0,0
135,Praia Da Vitoria,PT,2022-01-30 22:55:37,38.7333,-27.0667,59.25,88,75,22.62,broken clouds,0,0
136,Yeghegnavan,AM,2022-01-30 22:55:38,39.838,44.6253,27.0,71,54,0.11,broken clouds,0,0
137,Airai,TL,2022-01-30 22:55:39,-8.9266,125.4092,63.84,84,85,4.61,overcast clouds,0,0
138,Bambous Virieux,MU,2022-01-30 22:55:07,-20.3428,57.7575,79.05,94,75,11.5,light intensity shower rain,0,0
139,Calama,CL,2022-01-30 22:55:40,-22.4667,-68.9333,68.49,26,0,23.02,clear sky,0,0
140,Khatanga,RU,2022-01-30 22:52:07,71.9667,102.5,-5.49,98,99,9.46,overcast clouds,0,0
141,Muncar,ID,2022-01-30 22:55:42,-8.4333,114.3333,77.07,88,100,2.26,moderate rain,0,0
142,Nang Rong,TH,2022-01-30 22:55:43,14.6377,102.7914,75.83,76,22,5.46,few clouds,0,0
143,Lorengau,PG,2022-01-30 22:55:43,-2.0226,147.2712,79.09,85,100,12.95,overcast clouds,0,0
144,Namibe,AO,2022-01-30 22:55:44,-15.1961,12.1522,73.11,70,100,5.86,overcast clouds,0,0
145,Zhigansk,RU,2022-01-30 22:55:44,66.7697,123.3711,-33.23,100,100,1.74,overcast clouds,0,0
146,Coquimbo,CL,2022-01-30 22:55:45,-29.9533,-71.3436,67.73,72,0,13.8,clear sky,0,0
147,Sitka,US,2022-01-30 22:55:46,57.0531,-135.33,36.52,93,100,2.37,overcast clouds,0,0
148,Komsomolskiy,UZ,2022-01-30 22:53:00,40.4272,71.7189,29.62,86,100,2.3,mist,0,0
149,Peniche,PT,2022-01-30 22:55:46,39.3558,-9.3811,57.09,76,13,8.05,few clouds,0,0
150,Panaba,MX,2022-01-30 22:55:47,21.2833,-88.2667,69.31,54,65,9.48,broken clouds,0,0
151,Smithers,CA,2022-01-30 22:55:48,54.7804,-127.1743,32.32,80,75,3.44,broken clouds,0,0
152,Sao Filipe,CV,2022-01-30 22:55:48,14.8961,-24.4956,71.51,71,99,13.85,overcast clouds,0,0
153,Los Llanos De Aridane,ES,2022-01-30 22:55:49,28.6585,-17.9182,58.75,78,0,5.99,clear sky,0,0
154,Lexington,US,2022-01-30 22:52:50,37.9887,-84.4777,43.92,52,0,6.91,clear sky,0,0
155,Berlevag,NO,2022-01-30 22:55:50,70.8578,29.0864,30.29,65,100,11.7,light snow,0,0
156,Saint-Augustin,CA,2022-01-30 22:55:37,51.226,-58.6502,15.15,84,99,36.31,overcast clouds,0,0
157,Yellowknife,CA,2022-01-30 22:55:50,62.456,-114.3525,-6.59,83,75,8.05,light snow,0,0
158,Klaksvik,FO,2022-01-30 22:55:51,62.2266,-6.589,36.52,67,100,39.48,overcast clouds,0,0
159,Iranshahr,IR,2022-01-30 22:55:52,27.2025,60.6848,60.75,57,0,2.08,clear sky,0,0
160,Esperance,AU,2022-01-30 22:52:12,-33.8667,121.9,66.04,80,38,16.6,scattered clouds,0,0
161,Colares,PT,2022-01-30 22:55:53,38.7992,-9.4469,57.88,40,0,5.01,clear sky,0,0
162,Evensk,RU,2022-01-30 22:55:53,61.95,159.2333,20.19,78,100,23.42,overcast clouds,0,0
163,Cabo San Lucas,MX,2022-01-30 22:52:08,22.8909,-109.9124,78.62,67,83,3.0,broken clouds,0,0
164,Antofagasta,CL,2022-01-30 22:55:55,-23.65,-70.4,69.08,78,16,7.87,few clouds,0,0
165,Ixtapa,MX,2022-01-30 22:53:35,20.7,-105.2,83.37,39,5,5.14,clear sky,0,0
166,Mar Del Plata,AR,2022-01-30 22:55:56,-38.0023,-57.5575,66.87,84,75,15.01,broken clouds,0,0
167,Buala,SB,2022-01-30 22:55:56,-8.145,159.5921,83.84,74,99,5.06,light rain,0,0
168,Parana,AR,2022-01-30 22:55:57,-31.732,-60.5238,79.47,59,0,2.24,clear sky,0,0
169,Altay,CN,2022-01-30 22:55:57,47.8667,88.1167,3.74,54,40,7.25,scattered clouds,0,0
170,Norman Wells,CA,2022-01-30 22:55:58,65.282,-126.8329,-25.56,68,75,0.0,light snow,0,0
171,Karratha,AU,2022-01-30 22:55:59,-20.7377,116.8463,83.79,60,69,17.11,broken clouds,0,0
172,Asifabad,IN,2022-01-30 22:55:59,19.3667,79.2833,62.73,28,0,1.72,clear sky,0,0
173,Dongsheng,CN,2022-01-30 22:56:00,39.8161,109.9776,6.96,48,0,16.78,clear sky,0,0
174,Bethel,US,2022-01-30 22:56:00,41.3712,-73.414,22.77,55,22,2.82,few clouds,0,0
175,Nanortalik,GL,2022-01-30 22:56:01,60.1432,-45.2371,17.73,83,100,23.31,snow,0,0
176,Hamilton,US,2022-01-30 22:55:36,39.1834,-84.5333,37.18,71,22,4.63,few clouds,0,0
177,Merauke,ID,2022-01-30 22:55:05,-8.4667,140.3333,80.46,78,99,5.35,overcast clouds,0,0
178,Noumea,NC,2022-01-30 22:56:02,-22.2763,166.4572,84.18,99,100,9.69,overcast clouds,0,0
179,Ternate,ID,2022-01-30 22:53:00,0.8,127.4,80.11,77,100,10.13,overcast clouds,0,0
180,Liverpool,GB,2022-01-30 22:56:03,53.4106,-2.9779,47.28,78,75,15.99,broken clouds,0,0
181,Qingdao,CN,2022-01-30 22:56:04,36.0986,120.3719,29.8,80,8,8.95,clear sky,0,0
182,Malyye Derbety,RU,2022-01-30 22:56:04,47.9547,44.6808,29.39,93,89,9.6,light snow,0,0
183,Camopi,GF,2022-01-30 22:56:05,3.1655,-52.3158,71.65,99,46,2.68,scattered clouds,0,0
184,Kimbe,PG,2022-01-30 22:56:05,-5.5502,150.1429,80.78,83,100,3.11,light rain,0,0
185,Benguela,AO,2022-01-30 22:51:51,-12.5763,13.4055,76.68,80,100,4.43,overcast clouds,0,0
186,Baiyin,CN,2022-01-30 22:56:07,36.5583,104.2081,4.08,49,20,2.17,few clouds,0,0
187,Avarua,CK,2022-01-30 22:56:07,-21.2078,-159.775,71.65,94,75,6.91,heavy intensity rain,0,0
188,Fortuna,US,2022-01-30 22:54:35,40.5982,-124.1573,60.19,77,20,1.99,few clouds,0,0
189,Ketchikan,US,2022-01-30 22:54:27,55.3422,-131.6461,35.58,80,86,4.7,overcast clouds,0,0
190,Boulsa,BF,2022-01-30 22:56:09,12.6675,-0.5758,73.54,13,30,11.01,scattered clouds,0,0
191,Manacor,ES,2022-01-30 22:56:10,39.5696,3.2096,52.83,74,0,8.1,clear sky,0,0
192,Upernavik,GL,2022-01-30 22:56:10,72.7868,-56.1549,-3.35,94,100,4.0,overcast clouds,0,0
193,Narsaq,GL,2022-01-30 22:56:11,60.9167,-46.05,19.47,77,100,21.39,light snow,0,0
194,Saint-Pierre,RE,2022-01-30 22:56:11,-21.3393,55.4781,76.68,73,9,11.5,clear sky,0,0
195,Mae Sai,TH,2022-01-30 22:56:12,20.4335,99.8762,55.89,71,1,2.44,clear sky,0,0
196,Olinda,BR,2022-01-30 22:56:12,-8.0089,-34.8553,83.93,74,75,10.36,broken clouds,0,0
197,Honiara,SB,2022-01-30 22:56:13,-9.4333,159.95,83.75,76,100,3.98,overcast clouds,0,0
198,Elat,IL,2022-01-30 22:56:13,29.5581,34.9482,53.44,47,0,6.91,clear sky,0,0
199,Teya,RU,2022-01-30 22:56:14,60.3778,92.6267,-2.7,99,97,2.59,overcast clouds,0,0
200,Tahoua,NE,2022-01-30 22:56:15,14.8888,5.2692,65.91,13,6,12.46,clear sky,0,0
201,Teguise,ES,2022-01-30 22:56:15,29.0605,-13.564,62.82,45,0,5.75,haze,0,0
202,Nachalovo,RU,2022-01-30 22:56:16,46.338,48.2013,24.73,86,0,0.0,clear sky,0,0
203,Haines Junction,CA,2022-01-30 22:56:17,60.7522,-137.5108,10.35,56,98,8.05,overcast clouds,0,0
204,Arraial Do Cabo,BR,2022-01-30 22:56:17,-22.9661,-42.0278,76.86,88,75,10.36,broken clouds,0,0
205,Itarema,BR,2022-01-30 22:56:18,-2.9248,-39.9167,77.04,83,100,8.86,overcast clouds,0,0
206,Mardin,TR,2022-01-30 22:56:19,37.3131,40.7436,31.71,77,87,4.45,overcast clouds,0,0
207,Santa Marta,CO,2022-01-30 22:56:19,11.2408,-74.199,87.85,62,20,17.27,few clouds,0,0
208,Bauchi,NG,2022-01-30 22:56:20,10.5,10.0,61.81,19,100,6.44,overcast clouds,0,0
209,Naqadeh,IR,2022-01-30 22:56:21,36.9553,45.388,17.6,86,29,6.17,scattered clouds,0,0
210,Chililabombwe,ZM,2022-01-30 22:56:22,-12.3648,27.8229,63.03,99,100,3.49,light rain,0,0
211,Necochea,AR,2022-01-30 22:56:23,-38.5473,-58.7368,66.04,63,77,22.32,broken clouds,0,0
212,North Platte,US,2022-01-30 22:56:23,41.1239,-100.7654,58.98,18,37,7.0,scattered clouds,0,0
213,Luanda,AO,2022-01-30 22:56:24,-8.8368,13.2343,78.8,83,75,9.22,broken clouds,0,0
214,Broken Hill,AU,2022-01-30 22:56:25,-31.95,141.4333,78.51,69,75,5.75,broken clouds,0,0
215,Acapulco,MX,2022-01-30 22:55:14,16.8634,-99.8901,82.69,62,0,8.23,clear sky,0,0
216,Christchurch,NZ,2022-01-30 22:56:26,-43.5333,172.6333,72.91,58,22,8.01,few clouds,0,0
217,Tautira,PF,2022-01-30 22:56:27,-17.7333,-149.15,86.02,75,95,12.15,overcast clouds,0,0
218,Keti Bandar,PK,2022-01-30 22:56:27,24.1447,67.4497,71.11,84,0,13.11,clear sky,0,0
219,Santa Cruz,BO,2022-01-30 22:52:07,-17.8,-63.1667,91.45,40,20,10.36,few clouds,0,0
220,Hualmay,PE,2022-01-30 22:56:28,-11.0964,-77.6139,72.19,79,100,9.84,overcast clouds,0,0
221,Andra,RU,2022-01-30 22:56:28,62.5147,65.8878,-8.84,100,100,2.53,overcast clouds,0,0
222,Bathsheba,BB,2022-01-30 22:56:29,13.2167,-59.5167,79.41,69,40,13.8,scattered clouds,0,0
223,La Ronge,CA,2022-01-30 22:56:29,55.1001,-105.2842,12.45,79,100,5.75,overcast clouds,0,0
224,Nemuro,JP,2022-01-30 22:56:30,43.3236,145.575,16.59,66,38,12.62,scattered clouds,0,0
225,Pangkalanbuun,ID,2022-01-30 22:56:30,-2.6833,111.6167,74.14,91,99,2.53,overcast clouds,0,0
226,Ahipara,NZ,2022-01-30 22:56:31,-35.1667,173.1667,75.45,53,97,12.75,overcast clouds,0,0
227,Carnarvon,AU,2022-01-30 22:56:31,-24.8667,113.6333,78.87,73,47,14.97,scattered clouds,0,0
228,Nome,US,2022-01-30 22:56:32,64.5011,-165.4064,-0.83,69,0,3.8,clear sky,0,0
229,Nelson Bay,AU,2022-01-30 22:51:42,-32.7167,152.15,81.75,82,71,1.99,broken clouds,0,0
230,Yeppoon,AU,2022-01-30 22:56:32,-23.1333,150.7333,80.38,72,30,9.93,scattered clouds,0,0
231,Sabha,LY,2022-01-30 22:56:33,27.0377,14.4283,45.34,51,0,6.73,clear sky,0,0
232,Te Anau,NZ,2022-01-30 22:56:33,-45.4167,167.7167,69.71,65,25,1.05,scattered clouds,0,0
233,Port Hedland,AU,2022-01-30 22:56:34,-20.3167,118.5667,80.65,89,95,9.22,overcast clouds,0,0
234,Huicheng,CN,2022-01-30 22:56:34,23.0385,116.2899,51.75,67,99,12.59,overcast clouds,0,0
235,Sobolevo,RU,2022-01-30 22:56:35,54.4299,31.8996,29.7,97,99,5.1,overcast clouds,0,0
236,Vila Velha,BR,2022-01-30 22:56:36,-20.3297,-40.2925,78.94,85,0,5.75,clear sky,0,0
237,North Bend,US,2022-01-30 22:56:36,43.4065,-124.2243,57.92,89,100,1.01,overcast clouds,0,0
238,Port Lincoln,AU,2022-01-30 22:56:37,-34.7333,135.8667,68.61,77,46,8.93,scattered clouds,0,0
239,Barrington,US,2022-01-30 22:56:37,41.7407,-71.3087,21.56,50,15,5.01,few clouds,0,0
240,Nsanje,MW,2022-01-30 22:56:38,-16.92,35.262,71.49,97,9,2.04,clear sky,0,0
241,Hirado,JP,2022-01-30 22:56:39,33.3597,129.5531,40.39,49,7,14.2,clear sky,0,0
242,Waipawa,NZ,2022-01-30 22:56:39,-41.4122,175.5153,71.92,64,69,8.59,broken clouds,0,0
243,Umm Lajj,SA,2022-01-30 22:56:39,25.0213,37.2685,64.06,60,89,9.44,overcast clouds,0,0
244,Serov,RU,2022-01-30 22:56:40,59.6033,60.5787,2.08,97,100,2.44,overcast clouds,0,0
245,Ancud,CL,2022-01-30 22:56:41,-41.8697,-73.8203,62.13,59,35,10.94,scattered clouds,0,0
246,Manavalakurichi,IN,2022-01-30 22:56:42,8.1333,77.3,78.89,83,4,6.46,clear sky,0,0
247,Samarai,PG,2022-01-30 22:56:42,-10.6167,150.6667,82.78,72,100,10.27,overcast clouds,0,0
248,Hargeysa,SO,2022-01-30 22:56:43,9.56,44.065,52.99,91,11,10.94,few clouds,0,0
249,Castro,BR,2022-01-30 22:56:44,-24.7911,-50.0119,63.25,98,98,9.19,overcast clouds,0,0
250,Borgarnes,IS,2022-01-30 22:56:44,64.5383,-21.9206,27.19,83,100,24.14,light snow,0,0
251,Nacala,MZ,2022-01-30 22:56:45,-14.5428,40.6728,73.33,91,0,4.09,clear sky,0,0
252,Carballo,ES,2022-01-30 22:56:46,43.213,-8.691,46.87,88,0,1.88,clear sky,0,0
253,Moundsville,US,2022-01-30 22:56:46,39.9203,-80.7431,33.17,94,98,2.53,overcast clouds,0,0
254,Andros Town,BS,2022-01-30 22:56:47,24.7,-77.7667,64.36,55,94,11.34,overcast clouds,0,0
255,Susangerd,IR,2022-01-30 22:56:47,31.5608,48.1831,53.62,44,75,7.81,broken clouds,0,0
256,Alice Springs,AU,2022-01-30 22:56:48,-23.7,133.8833,72.95,100,75,8.05,broken clouds,0,0
257,Aksarka,RU,2022-01-30 22:56:49,66.5606,67.7975,-12.8,100,88,3.91,overcast clouds,0,0
258,Northam,GB,2022-01-30 22:52:56,51.0333,-4.2167,49.01,84,77,25.52,broken clouds,0,0
259,Grenaa,DK,2022-01-30 22:56:50,56.4158,10.8783,36.84,78,83,7.96,broken clouds,0,0
260,Ati,TD,2022-01-30 22:56:50,13.2154,18.3353,63.16,17,1,11.36,clear sky,0,0
261,Corn Island,NI,2022-01-30 22:56:51,12.1694,-83.0418,79.05,74,5,21.34,clear sky,0,0
262,Bredasdorp,ZA,2022-01-30 22:56:51,-34.5322,20.0403,69.12,88,87,9.22,overcast clouds,0,0
263,Henties Bay,NA,2022-01-30 22:56:52,-22.116,14.2845,65.86,79,100,7.74,overcast clouds,0,0
264,Bengkulu,ID,2022-01-30 22:56:52,-3.8004,102.2655,75.49,89,99,4.18,moderate rain,0,0
265,Llanes,ES,2022-01-30 22:56:53,43.4198,-4.7549,51.89,78,62,4.68,broken clouds,0,0
266,Torbay,CA,2022-01-30 22:56:53,47.6666,-52.7314,38.39,82,75,25.32,broken clouds,0,0
267,Kambing,PH,2022-01-30 22:56:54,5.9465,121.3076,78.53,82,23,5.86,few clouds,0,0
268,Graham,US,2022-01-30 22:56:54,47.0529,-122.2943,56.7,65,100,5.01,overcast clouds,0,0
269,Takoradi,GH,2022-01-30 22:56:55,4.8845,-1.7554,78.69,83,85,4.94,overcast clouds,0,0
270,Paamiut,GL,2022-01-30 22:56:55,61.994,-49.6678,15.37,78,100,6.73,light snow,0,0
271,Baykit,RU,2022-01-30 22:56:56,61.67,96.37,-2.9,98,100,0.51,overcast clouds,0,0
272,Maumere,ID,2022-01-30 22:56:56,-8.6199,122.2111,80.17,85,97,11.79,overcast clouds,0,0
273,Usinsk,RU,2022-01-30 22:56:57,65.9939,57.5281,6.76,96,100,9.84,overcast clouds,0,0
274,Concordia,AR,2022-01-30 22:54:01,-31.393,-58.0209,78.87,37,0,2.3,clear sky,0,0
275,Bandarbeyla,SO,2022-01-30 22:56:57,9.4942,50.8122,75.2,77,97,15.3,overcast clouds,0,0
276,Ugoofaaru,MV,2022-01-30 22:56:58,5.6667,73.0,81.97,75,45,13.0,scattered clouds,0,0
277,Kedrovyy,RU,2022-01-30 22:56:58,56.1667,91.8167,-14.13,95,31,3.49,scattered clouds,0,0
278,Pisco,PE,2022-01-30 22:56:59,-13.7,-76.2167,73.45,68,75,4.61,broken clouds,0,0
279,Cockburn Town,TC,2022-01-30 22:55:33,21.4612,-71.1419,75.16,69,75,13.8,broken clouds,0,0
280,Provideniya,RU,2022-01-30 22:54:24,64.3833,-173.3,10.51,72,0,15.66,clear sky,0,0
281,La Sarre,CA,2022-01-30 22:57:00,48.8002,-79.1996,-0.27,96,100,4.18,overcast clouds,0,0
282,Bud,US,2022-01-30 22:57:00,39.447,-86.1758,32.02,63,53,6.4,broken clouds,0,0
283,Jibuti,DJ,2022-01-30 22:55:12,11.5,42.5,69.22,71,3,14.09,clear sky,0,0
284,Banda Aceh,ID,2022-01-30 22:55:30,5.5577,95.3222,76.37,82,69,7.76,broken clouds,0,0
285,Gannan,CN,2022-01-30 22:57:01,47.9147,123.5031,-6.12,90,7,4.81,clear sky,0,0
286,Alofi,NU,2022-01-30 22:57:02,-19.0595,-169.9187,73.29,94,100,3.44,overcast clouds,0,0
287,Vasilika,GR,2022-01-30 22:57:02,40.4797,23.137,46.31,58,0,5.99,clear sky,0,0
288,Mozarlandia,BR,2022-01-30 22:57:03,-14.7447,-50.5706,71.17,95,100,3.58,overcast clouds,0,0
289,Ous,RU,2022-01-30 22:57:03,60.9058,61.5186,-9.31,100,100,2.55,overcast clouds,0,0
290,Goderich,CA,2022-01-30 22:57:04,43.7501,-81.7165,22.91,68,82,5.75,broken clouds,0,0
291,Faya,SA,2022-01-30 22:54:29,18.3851,42.4509,55.51,81,12,4.38,few clouds,0,0
292,Svetlyy,RU,2022-01-30 22:57:06,54.675,20.1347,35.65,69,100,27.74,overcast clouds,0,0
293,Batemans Bay,AU,2022-01-30 22:57:06,-35.7167,150.1833,78.98,68,20,2.64,few clouds,0,0
294,Minot,US,2022-01-30 22:57:07,48.2325,-101.2963,31.12,92,39,5.37,scattered clouds,0,0
295,Tucuma,BR,2022-01-30 22:57:07,-0.1833,-50.05,74.91,92,89,5.66,light rain,0,0
296,Hammerfest,NO,2022-01-30 22:57:08,70.6634,23.6821,30.65,74,20,12.66,few clouds,0,0
297,Comodoro Rivadavia,AR,2022-01-30 22:57:08,-45.8667,-67.5,60.66,33,40,8.05,scattered clouds,0,0
298,Puri,IN,2022-01-30 22:57:09,19.8,85.85,57.72,63,0,5.41,clear sky,0,0
299,Kruisfontein,ZA,2022-01-30 22:57:09,-34.0033,24.7314,66.88,96,84,2.75,broken clouds,0,0
300,Russell,US,2022-01-30 22:57:10,32.3502,-85.1999,63.68,63,0,6.38,clear sky,0,0
301,Krasnoselkup,RU,2022-01-30 22:57:10,65.7,82.4667,2.3,95,99,8.23,overcast clouds,0,0
302,Kenora,CA,2022-01-30 22:57:11,49.8167,-94.4337,15.19,79,75,8.05,broken clouds,0,0
303,Saint-Francois,FR,2022-01-30 22:57:11,46.4154,3.9054,38.64,93,100,0.0,overcast clouds,0,0
304,Katherine,AU,2022-01-30 22:57:11,-14.4667,132.2667,80.92,78,20,14.97,few clouds,0,0
305,Kaitangata,NZ,2022-01-30 22:54:12,-46.2817,169.8464,69.93,75,17,3.38,few clouds,0,0
306,Itaqui,BR,2022-01-30 22:57:12,-29.1253,-56.5531,83.71,25,0,10.02,clear sky,0,0
307,The Valley,AI,2022-01-30 22:53:21,18.217,-63.0578,78.94,73,20,9.22,few clouds,0,0
308,Ventspils,LV,2022-01-30 22:56:14,57.3894,21.5606,31.93,93,100,24.16,overcast clouds,0,0
309,Havre,FR,2022-01-30 22:57:13,49.5833,0.3333,44.37,87,100,16.11,overcast clouds,0,0
310,Buritis,BR,2022-01-30 22:57:14,-15.6178,-46.4233,71.13,90,97,3.49,overcast clouds,0,0
311,Hay River,CA,2022-01-30 22:57:14,60.8156,-115.7999,-7.62,77,100,6.91,light snow,0,0
312,Balkanabat,TM,2022-01-30 22:57:15,39.5108,54.3671,44.76,52,94,6.31,overcast clouds,0,0
313,Tiarei,PF,2022-01-30 22:57:15,-17.5333,-149.3333,86.02,74,95,11.23,overcast clouds,0,0
314,Bonavista,CA,2022-01-30 22:57:16,48.6499,-53.1147,38.12,72,89,35.03,overcast clouds,0,0
315,Oktyabrskiy,RU,2022-01-30 22:57:16,54.4815,53.471,24.28,97,99,4.99,overcast clouds,0,0
316,Longyearbyen,SJ,2022-01-30 22:57:17,78.2186,15.6401,6.64,66,0,20.71,clear sky,0,0
317,Lata,PT,2022-01-30 22:57:18,40.1629,-8.3327,46.81,57,96,2.89,overcast clouds,0,0
318,Codrington,AU,2022-01-30 22:57:18,-38.2667,141.9667,71.51,76,59,4.88,broken clouds,0,0
319,Khudumelapye,BW,2022-01-30 22:57:20,-23.8833,24.75,67.46,86,100,11.03,overcast clouds,0,0
320,Pangai,TO,2022-01-30 22:56:56,-19.8,-174.35,80.92,76,99,9.89,light rain,0,0
321,Lagoa,PT,2022-01-30 22:57:21,39.05,-27.9833,58.51,70,58,25.9,broken clouds,0,0
322,Oskarshamn,SE,2022-01-30 22:57:21,57.2645,16.4484,34.81,59,3,14.56,clear sky,0,0
323,Husavik,IS,2022-01-30 22:55:44,66.0449,-17.3389,24.71,68,44,31.23,scattered clouds,0,0
324,Dakar,SN,2022-01-30 22:55:14,14.6937,-17.4441,70.68,88,100,18.41,overcast clouds,0,0
325,Kashi,CN,2022-01-30 22:57:22,39.4547,75.9797,25.81,39,20,8.95,few clouds,0,0
326,Barra Dos Coqueiros,BR,2022-01-30 22:57:23,-10.9089,-37.0386,82.42,78,40,9.22,scattered clouds,0,0
327,Starogard Gdanski,PL,2022-01-30 22:57:24,53.964,18.5264,36.07,100,75,18.68,broken clouds,0,0
328,Darhan,MN,2022-01-30 22:57:25,49.4867,105.9228,-16.49,99,44,3.67,scattered clouds,0,0
329,Yacuiba,BO,2022-01-30 22:57:26,-22.038,-63.6797,76.03,50,2,1.57,clear sky,0,0
330,Santa Maria,BR,2022-01-30 22:57:24,-29.6842,-53.8069,79.9,65,20,9.22,few clouds,0,0
331,Sedalia,US,2022-01-30 22:57:26,38.7045,-93.2283,46.06,51,100,3.8,overcast clouds,0,0
332,Urucara,BR,2022-01-30 22:57:27,-2.5364,-57.76,75.52,92,100,1.86,overcast clouds,0,0
333,Sorland,NO,2022-01-30 22:57:27,67.667,12.6934,34.0,45,86,6.02,overcast clouds,0,0
334,Sainte-Anne-Des-Monts,CA,2022-01-30 22:57:28,49.124,-66.4924,13.87,85,100,24.16,overcast clouds,0,0
335,Broome,US,2022-01-30 22:57:29,42.2506,-75.833,14.36,75,85,1.01,overcast clouds,0,0
336,Petropavlovsk-Kamchatskiy,RU,2022-01-30 22:57:29,53.0452,158.6483,9.19,85,75,6.71,light snow,0,0
337,Faanui,PF,2022-01-30 22:57:30,-16.4833,-151.75,80.83,72,15,10.51,few clouds,0,0
338,Kutum,SD,2022-01-30 22:57:30,14.2,24.6667,53.02,18,1,13.71,clear sky,0,0
339,Kirakira,SB,2022-01-30 22:57:30,-10.4544,161.9205,84.25,74,88,6.04,overcast clouds,0,0
340,Petropavlovka,RU,2022-01-30 22:57:31,50.6114,105.3196,-16.28,96,54,3.09,broken clouds,0,0
341,Nyurba,RU,2022-01-30 22:54:26,63.2842,118.3319,-23.64,100,39,4.63,scattered clouds,0,0
342,Kuching,MY,2022-01-30 22:57:31,1.55,110.3333,75.42,94,40,2.3,scattered clouds,0,0
343,Grindavik,IS,2022-01-30 22:57:32,63.8424,-22.4338,26.55,93,75,37.98,light shower snow,0,0
344,Neyshabur,IR,2022-01-30 22:57:32,36.2133,58.7958,35.2,54,0,0.81,clear sky,0,0
345,Mahebourg,MU,2022-01-30 22:57:33,-20.4081,57.7,79.09,94,75,11.5,light intensity shower rain,0,0
346,Kashan,IR,2022-01-30 22:57:33,33.9831,51.4364,36.99,48,0,4.61,clear sky,0,0
347,Nueva Loja,EC,2022-01-30 22:57:34,0.0847,-76.8828,87.28,78,75,8.05,broken clouds,0,0
348,Tuatapere,NZ,2022-01-30 22:57:34,-46.1333,167.6833,72.82,66,28,4.23,scattered clouds,0,0
349,Tabas,IR,2022-01-30 22:57:35,33.5959,56.9244,44.13,29,0,3.31,clear sky,0,0
350,Emerald,AU,2022-01-30 22:57:35,-23.5333,148.1667,82.35,74,40,9.22,scattered clouds,0,0
351,Quatre Cocos,MU,2022-01-30 22:57:36,-20.2078,57.7625,78.91,82,100,15.84,light rain,0,0
352,Isabela,PH,2022-01-30 22:57:36,6.7085,121.9711,75.25,82,15,1.19,few clouds,0,0
353,Uhlove,UA,2022-01-30 22:57:37,44.8215,33.6045,39.78,90,100,11.18,overcast clouds,0,0
354,Wanaka,NZ,2022-01-30 22:57:37,-44.7,169.15,71.11,57,34,1.99,scattered clouds,0,0
355,Hjelset,NO,2022-01-30 22:57:38,62.7833,7.4833,29.37,93,75,5.75,broken clouds,0,0
356,Sibolga,ID,2022-01-30 22:57:38,1.7427,98.7792,75.81,89,96,3.31,overcast clouds,0,0
357,Panyutyne,UA,2022-01-30 22:57:39,48.9333,36.2833,29.79,94,100,14.14,overcast clouds,0,0
358,Kendallville,US,2022-01-30 22:57:39,41.4414,-85.265,28.42,59,0,0.0,clear sky,0,0
359,Lure,FR,2022-01-30 22:57:40,47.75,6.5,36.05,93,100,3.44,overcast clouds,0,0
360,Tomatlan,MX,2022-01-30 22:57:40,19.9333,-105.25,85.41,39,1,8.37,clear sky,0,0
361,Chapais,CA,2022-01-30 22:57:41,49.7834,-74.8492,-2.42,92,100,8.03,overcast clouds,0,0
362,Saint-Joseph,RE,2022-01-30 22:57:42,-21.3667,55.6167,75.58,81,25,11.39,scattered clouds,0,0
363,Inhambane,MZ,2022-01-30 22:57:42,-23.865,35.3833,74.73,82,54,7.49,broken clouds,0,0
364,Praia,CV,2022-01-30 22:57:43,14.9215,-23.5087,70.34,68,75,20.71,broken clouds,0,0
365,Urumqi,CN,2022-01-30 22:56:53,43.801,87.6005,-4.85,84,75,2.24,mist,0,0
366,Melendugno,IT,2022-01-30 22:57:44,40.2747,18.3368,37.06,67,0,10.11,clear sky,0,0
367,Jerantut,MY,2022-01-30 22:57:45,3.936,102.3626,71.49,95,93,0.11,overcast clouds,0,0
368,Kamenka,RU,2022-01-30 22:53:22,51.3223,42.7678,27.75,96,100,14.94,light snow,0,0
369,Poronaysk,RU,2022-01-30 22:56:54,49.2167,143.1167,2.25,93,100,4.56,overcast clouds,0,0
370,Brae,GB,2022-01-30 22:57:46,60.3964,-1.353,39.11,97,100,9.33,overcast clouds,0,0
371,Manjeshwar,IN,2022-01-30 22:57:47,12.7194,74.8861,77.95,78,0,5.41,clear sky,0,0
372,Lahat,ID,2022-01-30 22:57:47,-3.8,103.5333,72.28,97,100,2.24,moderate rain,0,0
373,Halifax,CA,2022-01-30 22:57:00,44.6453,-63.5724,26.22,78,86,4.0,overcast clouds,0,0
374,Whitehorse,CA,2022-01-30 22:57:48,60.7161,-135.0538,7.81,71,75,8.99,light snow,0,0
375,Kangaatsiaq,GL,2022-01-30 22:57:49,68.3065,-53.4641,-1.68,93,96,10.8,overcast clouds,0,0
376,Kalmunai,LK,2022-01-30 22:57:49,7.4167,81.8167,76.19,87,47,4.9,scattered clouds,0,0
377,Birao,CF,2022-01-30 22:57:50,10.2849,22.7882,66.16,18,6,5.7,clear sky,0,0
378,Puerto Escondido,MX,2022-01-30 22:57:51,15.85,-97.0667,81.95,63,0,4.85,clear sky,0,0
379,Caravelas,BR,2022-01-30 22:57:51,-17.7125,-39.2481,79.59,84,19,11.36,few clouds,0,0
380,Tilichiki,RU,2022-01-30 22:57:52,60.4667,166.1,18.07,77,100,11.77,overcast clouds,0,0
381,Ishigaki,JP,2022-01-30 22:57:53,24.3448,124.1572,59.13,67,75,10.36,broken clouds,0,0
382,Srikakulam,IN,2022-01-30 22:57:53,18.3,83.9,64.89,85,0,4.54,clear sky,0,0
383,Mormugao,IN,2022-01-30 22:57:54,15.4,73.8,70.86,88,9,4.61,clear sky,0,0
384,Mindelo,CV,2022-01-30 22:57:54,16.8901,-24.9804,69.35,60,75,24.16,broken clouds,0,0
385,Saint Anthony,US,2022-01-30 22:57:55,45.0205,-93.218,22.95,64,100,1.01,overcast clouds,0,0
386,Muros,ES,2022-01-30 22:57:55,42.7762,-9.0603,51.84,65,0,6.35,clear sky,0,0
387,Malanville,BJ,2022-01-30 22:57:56,11.8685,3.3899,72.82,13,64,11.18,broken clouds,0,0
388,Sarakhs,IR,2022-01-30 22:57:56,36.5449,61.1577,41.56,63,0,6.11,clear sky,0,0
389,Mao,ES,2022-01-30 22:57:57,39.8885,4.2658,46.96,87,0,6.91,clear sky,0,0
390,Stornoway,GB,2022-01-30 22:57:57,58.2093,-6.3865,40.03,86,75,8.01,broken clouds,0,0
391,Port Macquarie,AU,2022-01-30 22:57:51,-31.4333,152.9167,79.9,71,7,4.45,clear sky,0,0
392,Tadine,NC,2022-01-30 22:57:59,-21.55,167.8833,82.0,79,96,9.84,overcast clouds,0,0
393,Omboue,GA,2022-01-30 22:58:00,-1.5746,9.2618,78.57,85,95,5.3,overcast clouds,0,0
394,Jumla,NP,2022-01-30 22:53:22,29.2747,82.1838,35.2,44,0,4.0,clear sky,0,0
395,Nagato,JP,2022-01-30 22:58:00,34.3833,131.2,40.91,51,67,9.4,broken clouds,0,0
396,Saint George,US,2022-01-30 22:54:54,37.1041,-113.5841,64.87,16,0,1.99,clear sky,0,0
397,Hasaki,JP,2022-01-30 22:58:01,35.7333,140.8333,34.2,47,100,16.75,overcast clouds,0,0
398,Pangnirtung,CA,2022-01-30 22:58:02,66.1451,-65.7125,-21.53,83,92,6.22,overcast clouds,0,0
399,Saldanha,ZA,2022-01-30 22:58:02,-33.0117,17.9442,66.25,92,71,6.58,broken clouds,0,0
400,Guerrero Negro,MX,2022-01-30 22:58:03,27.9769,-114.0611,64.17,54,92,14.05,overcast clouds,0,0
401,Partenit,UA,2022-01-30 22:58:03,44.578,34.3446,39.76,95,100,17.63,overcast clouds,0,0
402,Bucerias,MX,2022-01-30 22:58:04,20.75,-105.3333,80.73,49,4,5.14,clear sky,0,0
403,Gizo,SB,2022-01-30 22:58:04,-8.103,156.8419,84.25,71,100,8.21,light rain,0,0
404,Llangefni,GB,2022-01-30 22:58:05,53.2556,-4.3106,46.72,76,75,27.63,broken clouds,0,0
405,Vigrestad,NO,2022-01-30 22:58:06,58.5667,5.7,34.97,77,100,6.42,overcast clouds,0,0
406,Fernie,CA,2022-01-30 22:58:07,49.5,-115.0687,42.6,95,100,5.73,overcast clouds,0,0
407,Palmer,US,2022-01-30 22:53:45,42.1584,-72.3287,17.24,92,5,3.29,clear sky,0,0
408,Abashiri,JP,2022-01-30 22:58:07,44.0213,144.2697,6.73,96,88,6.8,overcast clouds,0,0
409,Mackay,AU,2022-01-30 22:58:08,-21.15,149.2,85.68,74,40,12.66,scattered clouds,0,0
410,Kudahuvadhoo,MV,2022-01-30 22:55:40,2.6708,72.8944,81.52,77,56,12.24,broken clouds,0,0
411,Navolato,MX,2022-01-30 22:58:09,24.7672,-107.6944,83.64,45,36,14.03,scattered clouds,0,0
412,Kupang,ID,2022-01-30 22:58:10,-10.1667,123.5833,81.18,89,75,11.5,broken clouds,0,0
413,Porto Santo,PT,2022-01-30 22:58:10,33.072,-16.3415,64.31,82,20,17.27,few clouds,0,0
414,Khandyga,RU,2022-01-30 22:58:11,62.6667,135.6,-39.19,100,80,0.94,broken clouds,0,0
415,Nuuk,GL,2022-01-30 22:54:26,64.1835,-51.7216,0.63,79,100,11.61,overcast clouds,0,0
416,Beringovskiy,RU,2022-01-30 22:58:11,63.05,179.3167,-7.87,99,100,11.27,overcast clouds,0,0
417,Bloemfontein,ZA,2022-01-30 22:58:12,-29.1211,26.214,65.97,69,98,9.93,overcast clouds,0,0
418,Gat,IL,2022-01-30 22:58:13,31.61,34.7642,48.4,100,0,4.74,clear sky,0,0
419,Richards Bay,ZA,2022-01-30 22:58:13,-28.783,32.0377,71.17,87,98,5.68,overcast clouds,0,0
420,Bay Roberts,CA,2022-01-30 22:55:09,47.5999,-53.2648,39.15,81,100,8.99,overcast clouds,0,0
421,Anadyr,RU,2022-01-30 22:58:15,64.75,177.4833,-15.52,75,20,4.47,few clouds,0,0
422,Rawson,AR,2022-01-30 22:58:15,-43.3002,-65.1023,59.4,40,66,8.25,broken clouds,0,0
423,Sturgeon Bay,US,2022-01-30 22:58:16,44.8342,-87.377,25.21,83,67,0.4,broken clouds,0,0
424,Altus,US,2022-01-30 22:58:16,34.6381,-99.334,64.47,19,0,10.36,clear sky,0,0
425,Matsusaka,JP,2022-01-30 22:58:17,34.5667,136.5333,39.09,64,63,7.92,broken clouds,0,0
426,Ambon,ID,2022-01-30 22:58:17,-3.6954,128.1814,84.34,70,40,12.66,scattered clouds,0,0
427,Skjervoy,NO,2022-01-30 22:58:18,70.0311,20.9714,28.87,59,75,7.56,broken clouds,0,0
428,San Cristobal,VE,2022-01-30 22:58:19,7.7669,-72.225,69.98,83,96,3.67,overcast clouds,0,0
429,Nakapiripirit,UG,2022-01-30 22:58:19,1.9167,34.7833,70.61,47,55,6.04,broken clouds,0,0
430,Khasan,RU,2022-01-30 22:58:20,42.4308,130.6434,18.79,49,0,15.61,clear sky,0,0
431,Chicama,PE,2022-01-30 22:58:21,-7.8447,-79.1469,66.74,71,100,8.14,overcast clouds,0,0
432,Altamira,BR,2022-01-30 22:57:59,-3.2033,-52.2064,73.04,98,100,2.19,overcast clouds,0,0
433,Huanren,CN,2022-01-30 22:58:22,41.2647,125.3667,3.87,90,9,1.52,clear sky,0,0
434,Hobyo,SO,2022-01-30 22:58:22,5.3505,48.5268,76.57,79,96,16.17,light rain,0,0
435,Lingdong,CN,2022-01-30 22:58:23,46.5669,131.1453,-7.92,97,43,4.09,scattered clouds,0,0
436,Barinas,VE,2022-01-30 22:58:23,8.6226,-70.2075,98.64,28,76,3.44,broken clouds,0,0
437,Virginia Beach,US,2022-01-30 22:57:02,36.8529,-75.978,35.62,54,37,1.01,scattered clouds,0,0
438,Lydenburg,ZA,2022-01-30 22:58:24,-25.0978,30.4597,59.27,96,99,2.33,overcast clouds,0,0
439,Trat,TH,2022-01-30 22:58:25,12.5,102.5,82.98,94,48,0.76,scattered clouds,0,0
440,Zharkent,KZ,2022-01-30 22:58:26,44.1628,80.0,22.5,73,4,5.84,clear sky,0,0
441,Peskovka,RU,2022-01-30 22:58:26,59.0448,52.3606,-0.78,99,63,3.6,broken clouds,0,0
442,Velykyy Burluk,UA,2022-01-30 22:58:26,50.0379,37.3987,28.02,96,100,12.84,overcast clouds,0,0
443,Puerto Colombia,CO,2022-01-30 22:58:27,10.9878,-74.9547,84.29,79,5,19.35,clear sky,0,0
444,Mizdah,LY,2022-01-30 22:58:27,31.4451,12.9801,43.32,74,0,6.69,clear sky,0,0
445,Gimli,CA,2022-01-30 22:58:03,50.6336,-96.9907,14.13,79,99,16.11,overcast clouds,0,0
446,Souillac,MU,2022-01-30 22:58:28,-20.5167,57.5167,79.18,94,75,11.5,light intensity shower rain,0,0
447,Honningsvag,NO,2022-01-30 22:58:29,70.9821,25.9704,33.35,62,35,19.39,snow,0,0
448,Byron Bay,AU,2022-01-30 22:58:29,-28.65,153.6167,80.87,75,66,8.97,broken clouds,0,0
449,Ucluelet,CA,2022-01-30 22:58:30,48.9329,-125.5528,43.11,92,100,11.01,overcast clouds,0,0
450,Cururupu,BR,2022-01-30 22:58:30,-1.8283,-44.8683,74.64,95,98,5.99,overcast clouds,0,0
451,Pemangkat,ID,2022-01-30 22:58:31,1.1667,108.9667,76.26,87,100,5.37,overcast clouds,0,0
452,Juneau,US,2022-01-30 22:56:01,58.3019,-134.4197,36.84,95,100,0.0,light snow,0,0
453,Vetluga,RU,2022-01-30 22:58:32,57.8557,45.781,12.06,97,96,4.07,overcast clouds,0,0
454,Astana,KZ,2022-01-30 22:58:32,51.1801,71.446,12.15,85,75,15.66,broken clouds,0,0
455,Tonota,BW,2022-01-30 22:58:33,-21.4833,27.4833,70.16,74,93,9.57,overcast clouds,0,0
456,Oriximina,BR,2022-01-30 22:58:33,-1.7656,-55.8661,75.13,92,98,2.91,overcast clouds,0,0
457,Grand Gaube,MU,2022-01-30 22:58:33,-20.0064,57.6608,79.2,82,100,1.99,overcast clouds,0,0
458,Kondinskoye,RU,2022-01-30 22:58:34,59.6481,67.41,-10.12,100,100,3.58,overcast clouds,0,0
459,Chibombo,ZM,2022-01-30 22:58:34,-14.6569,28.0706,63.5,98,100,3.74,light rain,0,0
460,Plettenberg Bay,ZA,2022-01-30 22:58:35,-34.0527,23.3716,68.95,93,77,1.01,broken clouds,0,0
461,Mollendo,PE,2022-01-30 22:58:35,-17.0231,-72.0147,70.81,73,72,6.51,broken clouds,0,0
462,Sao Felix Do Xingu,BR,2022-01-30 22:58:34,-6.6447,-51.995,69.89,96,100,0.87,light rain,0,0
463,Dapaong,TG,2022-01-30 22:58:36,10.8639,0.205,75.38,9,51,8.88,broken clouds,0,0
464,Puerto Quijarro,BO,2022-01-30 22:58:37,-17.7833,-57.7667,74.93,96,95,2.8,overcast clouds,0,0
465,Mount Isa,AU,2022-01-30 22:58:37,-20.7333,139.5,76.77,94,75,12.66,broken clouds,0,0
466,Yong Peng,MY,2022-01-30 22:58:38,2.0136,103.0659,71.53,97,85,2.06,overcast clouds,0,0
467,Geraldton,AU,2022-01-30 22:58:38,-28.7667,114.6,70.21,88,100,6.91,overcast clouds,0,0
468,Udachnyy,RU,2022-01-30 22:58:39,66.4167,112.4,-30.01,100,83,2.73,broken clouds,0,0
469,Baoqing,CN,2022-01-30 22:58:39,46.3317,132.2111,-11.02,98,23,2.86,few clouds,0,0
470,Baherden,TM,2022-01-30 22:58:40,38.4362,57.4316,41.88,52,1,5.95,clear sky,0,0
471,Compuertas,MX,2022-01-30 22:58:41,25.45,-108.35,82.08,34,56,1.01,broken clouds,0,0
472,Wenling,CN,2022-01-30 22:58:41,28.3669,121.36,36.91,78,6,6.22,clear sky,0,0
473,Zhanakorgan,KZ,2022-01-30 22:58:42,43.9098,67.2495,24.28,76,67,8.7,broken clouds,0,0
474,Shizunai,JP,2022-01-30 22:58:42,42.3339,142.3669,18.28,68,83,7.58,broken clouds,0,0
475,Sur,OM,2022-01-30 22:58:43,22.5667,59.5289,70.83,67,0,4.72,clear sky,0,0
476,Pimentel,PE,2022-01-30 22:58:44,-6.8367,-79.9342,77.29,53,0,16.11,clear sky,0,0
477,Seoul,KR,2022-01-30 22:58:44,37.5683,126.9778,20.64,76,0,2.3,clear sky,0,0
478,Huarmey,PE,2022-01-30 22:58:45,-10.0681,-78.1522,71.69,82,100,8.95,overcast clouds,0,0
479,Ginir,ET,2022-01-30 22:58:46,7.1333,40.7,56.52,19,83,5.03,broken clouds,0,0
480,Isangel,VU,2022-01-30 22:58:46,-19.55,169.2667,82.51,94,75,4.61,broken clouds,0,0
481,Xai-Xai,MZ,2022-01-30 22:58:47,-25.0519,33.6442,73.92,82,88,5.57,overcast clouds,0,0
482,Yevsino,RU,2022-01-30 22:58:47,54.4172,83.3222,3.7,87,21,9.24,few clouds,0,0
483,Irece,BR,2022-01-30 22:58:48,-11.3042,-41.8558,73.24,71,89,6.08,overcast clouds,0,0
484,Tranas,SE,2022-01-30 22:58:49,58.0372,14.9782,31.23,63,2,9.73,clear sky,0,0
485,Imperia,IT,2022-01-30 22:58:49,43.9667,7.7833,50.16,85,1,3.13,clear sky,0,0
486,Pauini,BR,2022-01-30 22:58:50,-7.7136,-66.9764,74.41,93,55,2.37,broken clouds,0,0
487,Kamuli,UG,2022-01-30 22:58:50,0.9472,33.1197,71.46,63,94,0.76,overcast clouds,0,0
488,Deputatskiy,RU,2022-01-30 22:58:51,69.3,139.9,-25.17,100,67,2.01,broken clouds,0,0
489,Zatoka,UA,2022-01-30 22:58:51,46.0725,30.4654,27.14,76,25,14.9,scattered clouds,0,0
490,Haimen,CN,2022-01-30 22:58:52,23.1935,116.6142,51.69,67,86,17.85,overcast clouds,0,0
491,Asosa,ET,2022-01-30 22:58:53,10.0667,34.5333,63.73,36,33,3.74,scattered clouds,0,0
492,Khartoum,SD,2022-01-30 22:54:49,15.5518,32.5324,67.01,23,0,1.01,clear sky,0,0
493,Ballitoville,ZA,2022-01-30 22:54:15,-29.539,31.2144,74.25,88,0,5.75,clear sky,0,0
494,Jurm,AF,2022-01-30 22:58:54,36.8648,70.8342,22.12,66,78,4.74,broken clouds,0,0
495,Luderitz,NA,2022-01-30 22:58:55,-26.6481,15.1594,64.76,87,65,9.51,broken clouds,0,0
496,Hami,CN,2022-01-30 22:58:56,42.8,93.45,22.51,43,100,0.94,overcast clouds,0,0
497,Beloha,MG,2022-01-30 22:58:57,-25.1667,45.05,72.68,75,91,15.9,overcast clouds,0,0
498,Pitimbu,BR,2022-01-30 22:58:58,-7.4706,-34.8086,79.39,78,29,10.96,scattered clouds,0,0
499,Pouembout,NC,2022-01-30 22:58:58,-21.1333,164.9,83.53,68,100,5.3,overcast clouds,0,0
500,Tayzhina,RU,2022-01-30 22:58:59,53.6679,87.4362,-7.98,99,35,2.8,scattered clouds,0,0
501,Matara,LK,2022-01-30 22:58:59,5.9485,80.5353,74.57,93,33,5.55,scattered clouds,0,0
502,Tacotalpa,MX,2022-01-30 22:59:00,17.6,-92.8167,75.09,81,23,6.02,few clouds,0,0
503,Paramonga,PE,2022-01-30 22:59:00,-10.6667,-77.8333,71.65,82,100,8.05,overcast clouds,0,0
504,Gigant,RU,2022-01-30 22:59:01,46.5066,41.3419,34.27,85,100,13.67,snow,0,0
505,Loandjili,CG,2022-01-30 22:59:01,-4.7561,11.8578,78.91,94,20,2.3,few clouds,0,0
506,Mecca,SA,2022-01-30 22:58:45,21.4267,39.8261,68.47,58,99,4.65,overcast clouds,0,0
507,San Lawrenz,MT,2022-01-30 22:59:02,36.0553,14.204,54.86,80,0,4.0,clear sky,0,0
508,Touros,BR,2022-01-30 22:59:03,-5.1989,-35.4608,81.5,78,19,12.21,few clouds,0,0
509,Coihaique,CL,2022-01-30 22:59:03,-45.5752,-72.0662,55.35,47,40,8.05,scattered clouds,0,0
510,Aberystwyth,GB,2022-01-30 22:59:04,52.4155,-4.0829,46.71,80,64,27.0,broken clouds,0,0
511,Lavrentiya,RU,2022-01-30 22:59:04,65.5833,-171.0,-5.22,91,5,3.78,clear sky,0,0
512,Gasa,PS,2022-01-30 22:59:05,31.5,34.4667,49.17,67,0,7.85,clear sky,0,0
513,Taut,RO,2022-01-30 22:59:06,46.2833,21.9167,33.58,79,92,9.46,overcast clouds,0,0
514,Mount Gambier,AU,2022-01-30 22:55:05,-37.8333,140.7667,62.51,100,100,4.61,mist,0,0
515,Rio Gallegos,AR,2022-01-30 22:59:06,-51.6226,-69.2181,57.25,28,20,31.07,few clouds,0,0
516,Sawtell,AU,2022-01-30 22:59:07,-30.3833,153.1,80.19,79,10,10.36,clear sky,0,0
517,Marsh Harbour,BS,2022-01-30 22:59:07,26.5412,-77.0636,63.25,57,99,10.63,overcast clouds,0,0
518,Centerville,US,2022-01-30 22:59:08,39.6284,-84.1594,34.88,69,0,3.44,clear sky,0,0
519,Baglung,NP,2022-01-30 22:59:09,28.2719,83.5898,47.57,80,74,1.63,broken clouds,0,0
520,Barcelona,ES,2022-01-30 22:55:44,41.3888,2.159,57.33,46,0,3.0,clear sky,0,0
521,Abu Kamal,SY,2022-01-30 22:59:11,34.4506,40.9171,45.93,63,46,8.86,scattered clouds,0,0
522,Morlaix,FR,2022-01-30 22:59:11,48.5833,-4.0,48.52,100,100,10.36,overcast clouds,0,0
523,Flinders,AU,2022-01-30 22:59:12,-34.5833,150.8552,82.06,72,18,5.99,few clouds,0,0
524,Port Moresby,PG,2022-01-30 22:55:16,-9.4431,147.1797,74.62,94,75,11.5,moderate rain,0,0
525,Ekhabi,RU,2022-01-30 22:59:13,53.5102,142.9671,9.14,93,100,21.25,light snow,0,0
526,Imeni Babushkina,RU,2022-01-30 22:59:14,59.7573,43.1285,6.82,97,91,6.2,overcast clouds,0,0
527,Yuzhno-Sukhokumsk,RU,2022-01-30 22:59:14,44.6581,45.6436,33.1,91,63,6.96,broken clouds,0,0
528,Glendive,US,2022-01-30 22:59:15,47.1053,-104.7125,43.43,67,100,6.58,overcast clouds,0,0
529,Sao Joao Da Barra,BR,2022-01-30 22:59:16,-21.6403,-41.0511,76.55,90,21,7.16,few clouds,0,0
530,Listvyanskiy,RU,2022-01-30 22:59:16,54.4399,83.4984,2.66,86,17,8.01,few clouds,0,0
531,Sao Pedro Do Sul,BR,2022-01-30 22:59:17,-29.6206,-54.1789,79.45,61,12,6.35,few clouds,0,0
532,Stolin,BY,2022-01-30 22:57:13,51.8912,26.846,29.79,93,100,21.92,light snow,0,0
533,Adrar,MR,2022-01-30 22:59:18,20.5022,-10.0711,74.39,13,100,10.63,overcast clouds,0,0
534,Matay,EG,2022-01-30 22:59:19,28.419,30.7792,50.5,50,15,7.67,few clouds,0,0
535,Kasane,BW,2022-01-30 22:59:20,-17.8167,25.15,66.18,98,100,7.25,moderate rain,0,0
536,Karasjok,NO,2022-01-30 22:54:26,69.4719,25.5112,3.31,99,19,3.15,few clouds,0,0
537,Kokoda,PG,2022-01-30 22:59:21,-8.8785,147.7407,82.51,71,100,2.17,overcast clouds,0,0
538,Melito Di Porto Salvo,IT,2022-01-30 22:59:21,37.9222,15.7714,55.78,62,40,14.97,scattered clouds,0,0
539,Bassar,TG,2022-01-30 22:59:22,9.25,0.7833,72.55,15,28,4.81,scattered clouds,0,0
540,Westport,US,2022-01-30 22:56:39,41.1415,-73.3579,24.03,49,21,4.0,few clouds,0,0
541,Eskilstuna,SE,2022-01-30 22:59:23,59.3666,16.5077,30.4,72,7,8.99,clear sky,0,0
542,Babol,IR,2022-01-30 22:59:23,36.5513,52.679,44.85,59,0,3.51,clear sky,0,0
543,Chinhoyi,ZW,2022-01-30 22:59:24,-17.3667,30.2,62.11,96,72,4.74,broken clouds,0,0
544,Tabou,CI,2022-01-30 22:59:25,4.423,-7.3528,79.45,87,22,6.51,few clouds,0,0
545,Huilong,CN,2022-01-30 22:59:26,31.8111,121.655,37.04,70,5,5.41,clear sky,0,0
546,Lebyazhye,RU,2022-01-30 22:59:27,55.2689,66.4947,8.83,94,100,7.07,overcast clouds,0,0
547,Puerto Penasco,MX,2022-01-30 22:59:27,31.3167,-113.5333,63.91,37,0,4.0,clear sky,0,0
548,Bria,CF,2022-01-30 22:59:28,6.5423,21.9863,69.57,27,30,4.7,scattered clouds,0,0
